{
  "config": {
    "magnet_dims_mm": [
      10.0,
      10.0,
      4.0
    ],
    "magnet_count": 10,
    "magnet_pitch_mm": 12.0,
    "pole_pitch_mm": 12.0,
    "slot_pitch_mm": 4.0,
    "magnet_grade": "N44",
    "magnet_remanence_t": 1.34,
    "active_area_length_mm": 195.0,
    "board_width_mm": 20.0,
    "air_gap_mm": 0.5,
    "coil_topology": "serpentine",
    "phases": 3,
    "spacing_ratio": 1.0,
    "max_current_a": 1.0,
    "n_positions": 50,
    "meshing": 20,
    "rest_offset_mm": 0.0,
    "travel_mm": 75.00000000000001
  },
  "summary": {
    "n_positions": 50,
    "mean_thrust_mn": 71.8240771330564,
    "peak_thrust_mn": 77.77033912442305,
    "min_thrust_mn": 67.23408194777905,
    "ripple_pct": 14.669533667832926,
    "phase_shift_rad": 3.141592653589793,
    "wall_time_s": 0.16804194450378418
  },
  "force_sweep": {
    "positions_mm": [
      0.0,
      1.5306122448979593,
      3.0612244897959187,
      4.591836734693878,
      6.122448979591837,
      7.653061224489797,
      9.183673469387756,
      10.714285714285714,
      12.244897959183675,
      13.775510204081634,
      15.306122448979593,
      16.836734693877553,
      18.367346938775512,
      19.89795918367347,
      21.428571428571427,
      22.95918367346939,
      24.48979591836735,
      26.02040816326531,
      27.551020408163268,
      29.081632653061227,
      30.612244897959187,
      32.142857142857146,
      33.673469387755105,
      35.204081632653065,
      36.734693877551024,
      38.26530612244898,
      39.79591836734694,
      41.3265306122449,
      42.857142857142854,
      44.38775510204082,
      45.91836734693878,
      47.44897959183674,
      48.9795918367347,
      50.51020408163266,
      52.04081632653062,
      53.57142857142858,
      55.102040816326536,
      56.632653061224495,
      58.163265306122454,
      59.693877551020414,
      61.22448979591837,
      62.75510204081633,
      64.28571428571429,
      65.81632653061226,
      67.34693877551021,
      68.87755102040818,
      70.40816326530613,
      71.93877551020408,
      73.46938775510205,
      75.00000000000001
    ],
    "force_x_mn": [
      75.42881363709932,
      67.3922460376179,
      70.88769718232763,
      74.54249577085945,
      67.23408194777905,
      76.54391491843143,
      69.0690061780988,
      68.59498695051965,
      77.34658880823072,
      67.84103694935547,
      74.32074388340395,
      72.77044531740704,
      67.90545289689118,
      77.72531674343094,
      68.17172385799697,
      70.47296475425817,
      76.0182250893167,
      67.74777040913949,
      76.28983336686845,
      70.06543730485606,
      68.25156696679174,
      77.60579608507031,
      67.81599206004954,
      73.15472457809109,
      73.82334290982227,
      67.79704928468298,
      77.46735894163633,
      68.4856324854967,
      69.56559860535141,
      76.68317061614431,
      67.76620436524676,
      75.55825003134991,
      71.10243504289623,
      68.02321210733434,
      77.75103437540527,
      67.9059385751344,
      72.00541589669041,
      74.84156966459906,
      67.76710824429499,
      77.08238342104326,
      68.9829941970889,
      68.86023025638984,
      77.16026591888715,
      67.75891194456548,
      74.63987062196446,
      72.2373178573709,
      67.89998645574724,
      77.77033912442305,
      68.11589952274629,
      70.9554744926169
    ],
    "force_y_mn": [
      -0.0,
      -0.0,
      -0.0,
      -0.0,
      -0.0,
      -0.0,
      -0.0,
      -0.0,
      -0.0,
      -0.0,
      -0.0,
      -0.0,
      -0.0,
      -0.0,
      -0.0,
      -0.0,
      -0.0,
      -0.0,
      -0.0,
      -0.0,
      -0.0,
      -0.0,
      -0.0,
      -0.0,
      -0.0,
      -0.0,
      -0.0,
      -0.0,
      -0.0,
      -0.0,
      -0.0,
      -0.0,
      -0.0,
      -0.0,
      -0.0,
      -0.0,
      -0.0,
      -0.0,
      -0.0,
      -0.0,
      -0.0,
      -0.0,
      -0.0,
      -0.0,
      -0.0,
      -0.0,
      -0.0,
      -0.0,
      -0.0,
      -0.0
    ],
    "force_z_mn": [
      0.5838287399018184,
      -2.4756988398782616,
      5.11928339054667,
      -5.694790569735431,
      0.08799880036465882,
      2.907974053813501,
      -4.8776111085382166,
      3.9770091974759456,
      -2.2857398490970273,
      -1.009658451064494,
      5.583889806551301,
      -5.911252537814172,
      1.796468024319319,
      0.9786914989030451,
      -3.021599820356712,
      5.560981891837135,
      -4.327154436588921,
      0.08672530372642336,
      4.010808897688945,
      -5.363670634551953,
      3.304435855144829,
      -1.3483678036885758,
      -1.5529069557452604,
      5.880523259721902,
      -5.711941716487954,
      1.235833697503567,
      1.9140986250923802,
      -3.7364193140116146,
      5.005004886310426,
      -3.523556246528714,
      -0.36498086020187237,
      4.7554760465913715,
      -5.790223455125179,
      2.625548303408592,
      -0.3881245159393747,
      -2.126441464381238,
      5.943173212670271,
      -5.253577891640309,
      0.740307548905297,
      2.83074575009374,
      -4.457286587355093,
      4.322590772085315,
      -2.6438157520591656,
      -0.8312026451385099,
      5.36340813794688,
      -5.955807178269788,
      1.9984385371779183,
      0.5651938081024654,
      -2.780531695966334,
      5.694465894852137
    ],